Tê,Giá trị lời,Tổng trọng l,Tối 
/content/kplib/01WeaklyCorrelated/n00050/R10000/s093.kp,137791,124392,TRUE
/content/kplib/01WeaklyCorrelated/n00050/R10000/s001.kp,131925,117805,TRUE
/content/kplib/01WeaklyCorrelated/n00050/R01000/s093.kp,13798,12451,TRUE
/content/kplib/01WeaklyCorrelated/n00050/R01000/s001.kp,13214,11791,TRUE
/content/kplib/01WeaklyCorrelated/n00100/R10000/s093.kp,269840,243706,TRUE
/content/kplib/01WeaklyCorrelated/n00100/R10000/s001.kp,275879,253639,TRUE
/content/kplib/01WeaklyCorrelated/n00100/R01000/s093.kp,27015,24393,TRUE
/content/kplib/01WeaklyCorrelated/n00100/R01000/s001.kp,27624,25389,TRUE
/content/kplib/01WeaklyCorrelated/n00200/R10000/s093.kp,548932,495259,TRUE
/content/kplib/01WeaklyCorrelated/n00200/R10000/s001.kp,534452,480606,TRUE
/content/kplib/01WeaklyCorrelated/n00200/R01000/s093.kp,54959,49568,TRUE
/content/kplib/01WeaklyCorrelated/n00200/R01000/s001.kp,53514,48102,TRUE
/content/kplib/01WeaklyCorrelated/n00500/R10000/s093.kp,1394649,1257365,TRUE
/content/kplib/01WeaklyCorrelated/n00500/R10000/s001.kp,1379237,1236468,TRUE
/content/kplib/01WeaklyCorrelated/n00500/R01000/s093.kp,139642,125845,TRUE
/content/kplib/01WeaklyCorrelated/n00500/R01000/s001.kp,138098,123764,TRUE
/content/kplib/01WeaklyCorrelated/n01000/R10000/s093.kp,2784213,2517401,TRUE
/content/kplib/01WeaklyCorrelated/n01000/R10000/s001.kp,2794566,2545474,TRUE
/content/kplib/01WeaklyCorrelated/n01000/R01000/s093.kp,278763,251958,TRUE
/content/kplib/01WeaklyCorrelated/n01000/R01000/s001.kp,279824,254777,TRUE
/content/kplib/01WeaklyCorrelated/n02000/R10000/s093.kp,5530595,5028069,TRUE
/content/kplib/01WeaklyCorrelated/n02000/R10000/s001.kp,5501823,4973899,TRUE
/content/kplib/01WeaklyCorrelated/n02000/R01000/s093.kp,553743,503252,TRUE
/content/kplib/01WeaklyCorrelated/n02000/R01000/s001.kp,550884,497846,TRUE
/content/kplib/04AlmostStronglyCorrelated/n00050/R10000/s093.kp,159413,124405,TRUE
/content/kplib/04AlmostStronglyCorrelated/n00050/R10000/s001.kp,152979,117814,TRUE
/content/kplib/04AlmostStronglyCorrelated/n00050/R01000/s093.kp,15953,12451,TRUE
/content/kplib/04AlmostStronglyCorrelated/n00050/R01000/s001.kp,15308,11792,TRUE
/content/kplib/04AlmostStronglyCorrelated/n00100/R10000/s093.kp,315848,243710,TRUE
/content/kplib/04AlmostStronglyCorrelated/n00100/R10000/s001.kp,322602,253672,TRUE
/content/kplib/04AlmostStronglyCorrelated/n00100/R01000/s093.kp,31606,24392,TRUE
/content/kplib/04AlmostStronglyCorrelated/n00100/R01000/s001.kp,32284,25391,TRUE
/content/kplib/04AlmostStronglyCorrelated/n00200/R10000/s093.kp,637444,495267,FALSE
/content/kplib/04AlmostStronglyCorrelated/n00200/R10000/s001.kp,621620,480609,TRUE
/content/kplib/04AlmostStronglyCorrelated/n00200/R01000/s093.kp,63787,49568,FALSE
/content/kplib/04AlmostStronglyCorrelated/n00200/R01000/s001.kp,62209,48106,TRUE
/content/kplib/04AlmostStronglyCorrelated/n00500/R10000/s093.kp,1611694,1257367,FALSE
/content/kplib/04AlmostStronglyCorrelated/n00500/R10000/s001.kp,1588482,1234862,FALSE
/content/kplib/04AlmostStronglyCorrelated/n00500/R01000/s093.kp,161284,125846,TRUE
/content/kplib/04AlmostStronglyCorrelated/n00500/R01000/s001.kp,159106,123736,FALSE
/content/kplib/04AlmostStronglyCorrelated/n01000/R10000/s093.kp,3221817,2517407,TRUE
/content/kplib/04AlmostStronglyCorrelated/n00500/R01000/s001.kp,159106,123736,FALSE
/content/kplib/04AlmostStronglyCorrelated/n01000/R10000/s093.kp,3221817,2517407,TRUE
/content/kplib/04AlmostStronglyCorrelated/n01000/R10000/s001.kp,3243656,2545473,FALSE
/content/kplib/04AlmostStronglyCorrelated/n01000/R01000/s093.kp,322400,251958,TRUE
/content/kplib/04AlmostStronglyCorrelated/n01000/R01000/s001.kp,324609,254777,TRUE
/content/kplib/04AlmostStronglyCorrelated/n02000/R10000/s093.kp,6433495,5028069,TRUE
/content/kplib/04AlmostStronglyCorrelated/n02000/R10000/s001.kp,6379895,4973901,TRUE
/content/kplib/04AlmostStronglyCorrelated/n02000/R01000/s093.kp,643432,502970,FALSE
/content/kplib/04AlmostStronglyCorrelated/n02000/R01000/s001.kp,638075,497546,FALSE
/content/kplib/05SubsetSum/n00050/R10000/s093.kp,124406,124406,TRUE
/content/kplib/05SubsetSum/n00050/R10000/s001.kp,117821,117821,TRUE
/content/kplib/05SubsetSum/n00050/R01000/s093.kp,12451,12451,TRUE
/content/kplib/05SubsetSum/n00050/R01000/s001.kp,11793,11793,TRUE
/content/kplib/05SubsetSum/n00100/R10000/s093.kp,243713,243713,TRUE
/content/kplib/05SubsetSum/n00100/R10000/s001.kp,253672,253672,TRUE
/content/kplib/05SubsetSum/n00100/R01000/s093.kp,24394,24394,TRUE
/content/kplib/05SubsetSum/n00100/R01000/s001.kp,25391,25391,TRUE
/content/kplib/05SubsetSum/n00200/R10000/s093.kp,495267,495267,TRUE
/content/kplib/05SubsetSum/n00200/R10000/s001.kp,480612,480612,TRUE
/content/kplib/05SubsetSum/n00200/R01000/s093.kp,49569,49569,TRUE
/content/kplib/05SubsetSum/n00200/R01000/s001.kp,48106,48106,TRUE
/content/kplib/05SubsetSum/n00500/R10000/s093.kp,1257367,1257367,TRUE
/content/kplib/05SubsetSum/n00500/R10000/s001.kp,1236477,1236477,TRUE
/content/kplib/05SubsetSum/n00500/R01000/s093.kp,125846,125846,TRUE
/content/kplib/05SubsetSum/n00500/R01000/s001.kp,123764,123764,TRUE
/content/kplib/05SubsetSum/n01000/R10000/s093.kp,2517407,2517407,TRUE
/content/kplib/05SubsetSum/n01000/R10000/s001.kp,2545476,2545476,TRUE
/content/kplib/05SubsetSum/n01000/R01000/s093.kp,251958,251958,TRUE
/content/kplib/05SubsetSum/n01000/R01000/s001.kp,254777,254777,TRUE
/content/kplib/05SubsetSum/n02000/R10000/s093.kp,5028069,5028069,TRUE
/content/kplib/05SubsetSum/n02000/R10000/s001.kp,4973901,4973901,TRUE
/content/kplib/05SubsetSum/n02000/R01000/s093.kp,503252,503252,TRUE
/content/kplib/05SubsetSum/n02000/R01000/s001.kp,497847,497847,TRUE
/content/kplib/03InverseStronglyCorrelated/n00050/R10000/s093.kp,133491,148491,TRUE
/content/kplib/03InverseStronglyCorrelated/n00050/R10000/s001.kp,126841,141841,TRUE
/content/kplib/03InverseStronglyCorrelated/n00050/R01000/s093.kp,13356,14856,TRUE
/content/kplib/03InverseStronglyCorrelated/n00050/R01000/s001.kp,12691,14191,TRUE
/content/kplib/03InverseStronglyCorrelated/n00100/R10000/s093.kp,263218,293218,TRUE
/content/kplib/03InverseStronglyCorrelated/n00100/R10000/s001.kp,270177,303177,FALSE
/content/kplib/03InverseStronglyCorrelated/n00100/R01000/s093.kp,26345,29345,TRUE
/content/kplib/03InverseStronglyCorrelated/n00100/R01000/s001.kp,27042,30342,TRUE
/content/kplib/03InverseStronglyCorrelated/n00200/R10000/s093.kp,532277,594277,FALSE
/content/kplib/03InverseStronglyCorrelated/n00200/R10000/s001.kp,516622,579622,FALSE
/content/kplib/03InverseStronglyCorrelated/n00200/R01000/s093.kp,53270,59470,FALSE
/content/kplib/03InverseStronglyCorrelated/n00200/R01000/s001.kp,51707,58007,TRUE
/content/kplib/03InverseStronglyCorrelated/n00500/R10000/s093.kp,1349892,1504892,TRUE
/content/kplib/03InverseStronglyCorrelated/n00500/R10000/s001.kp,1328002,1484002,FALSE
/content/kplib/03InverseStronglyCorrelated/n00500/R01000/s093.kp,135099,150599,TRUE
/content/kplib/03InverseStronglyCorrelated/n00500/R01000/s001.kp,132916,148516,TRUE
/content/kplib/03InverseStronglyCorrelated/n01000/R10000/s093.kp,2698456,3012456,TRUE
/content/kplib/03InverseStronglyCorrelated/n01000/R10000/s001.kp,2720104,3039104,FALSE
/content/kplib/03InverseStronglyCorrelated/n01000/R01000/s093.kp,270030,301430,FALSE
/content/kplib/03InverseStronglyCorrelated/n01000/R01000/s001.kp,272157,304057,FALSE
/content/kplib/03InverseStronglyCorrelated/n02000/R10000/s093.kp,5383894,6013894,FALSE
/content/kplib/03InverseStronglyCorrelated/n02000/R10000/s001.kp,5329708,5960708,FALSE
/content/kplib/03InverseStronglyCorrelated/n02000/R01000/s093.kp,538676,601676,FALSE
/content/kplib/03InverseStronglyCorrelated/n02000/R01000/s001.kp,533259,596359,FALSE
/content/kplib/06UncorrelatedWithSimilarWeights/n00050/R10000/s093.kp,18966,2401182,TRUE
/content/kplib/06UncorrelatedWithSimilarWeights/n00050/R10000/s001.kp,17920,2401186,TRUE
/content/kplib/06UncorrelatedWithSimilarWeights/n00050/R01000/s093.kp,18966,2401182,TRUE
/content/kplib/06UncorrelatedWithSimilarWeights/n00050/R01000/s001.kp,17920,2401186,TRUE
/content/kplib/06UncorrelatedWithSimilarWeights/n00100/R10000/s093.kp,38067,4902582,TRUE
/content/kplib/06UncorrelatedWithSimilarWeights/n00100/R10000/s001.kp,37000,4902351,TRUE
/content/kplib/06UncorrelatedWithSimilarWeights/n00100/R01000/s093.kp,38067,4902582,TRUE
/content/kplib/06UncorrelatedWithSimilarWeights/n00100/R01000/s001.kp,37000,4902351,TRUE
/content/kplib/06UncorrelatedWithSimilarWeights/n00200/R10000/s093.kp,75435,9904713,TRUE
/content/kplib/06UncorrelatedWithSimilarWeights/n00200/R10000/s001.kp,72399,9904984,TRUE
/content/kplib/06UncorrelatedWithSimilarWeights/n00200/R01000/s093.kp,75435,9904713,TRUE
/content/kplib/06UncorrelatedWithSimilarWeights/n00200/R01000/s001.kp,72399,9904984,TRUE
/content/kplib/06UncorrelatedWithSimilarWeights/n00500/R10000/s093.kp,190738,24712487,FALSE
/content/kplib/06UncorrelatedWithSimilarWeights/n00500/R10000/s001.kp,187312,24712830,FALSE
/content/kplib/06UncorrelatedWithSimilarWeights/n00500/R01000/s093.kp,190738,24712487,FALSE
/content/kplib/06UncorrelatedWithSimilarWeights/n00500/R01000/s001.kp,187312,24712830,FALSE
/content/kplib/06UncorrelatedWithSimilarWeights/n01000/R10000/s093.kp,380762,49525601,TRUE
/content/kplib/06UncorrelatedWithSimilarWeights/n01000/R10000/s001.kp,379545,49523374,TRUE
/content/kplib/06UncorrelatedWithSimilarWeights/n01000/R01000/s093.kp,380762,49525601,TRUE
/content/kplib/06UncorrelatedWithSimilarWeights/n01000/R01000/s001.kp,379545,49523374,TRUE
/content/kplib/06UncorrelatedWithSimilarWeights/n02000/R10000/s093.kp,757186,99048391,FALSE
/content/kplib/06UncorrelatedWithSimilarWeights/n02000/R10000/s001.kp,746520,99050111,FALSE
/content/kplib/06UncorrelatedWithSimilarWeights/n02000/R01000/s093.kp,757186,99048391,FALSE
/content/kplib/06UncorrelatedWithSimilarWeights/n02000/R01000/s001.kp,746520,99050111,FALSE
/content/kplib/00Uncorrelated/n00050/R10000/s093.kp,205364,119278,TRUE
/content/kplib/00Uncorrelated/n00050/R10000/s001.kp,198223,135697,TRUE
/content/kplib/00Uncorrelated/n00050/R01000/s093.kp,20550,11942,TRUE
/content/kplib/00Uncorrelated/n00050/R01000/s001.kp,19836,13585,TRUE
/content/kplib/00Uncorrelated/n00100/R10000/s093.kp,402619,251350,TRUE
/content/kplib/00Uncorrelated/n00100/R10000/s001.kp,410173,226599,TRUE
/content/kplib/00Uncorrelated/n00100/R01000/s093.kp,40291,25158,TRUE
/content/kplib/00Uncorrelated/n00100/R01000/s001.kp,41049,22689,TRUE
/content/kplib/00Uncorrelated/n00200/R10000/s093.kp,831001,490149,TRUE
/content/kplib/00Uncorrelated/n00200/R10000/s001.kp,788614,488249,TRUE
/content/kplib/00Uncorrelated/n00200/R01000/s093.kp,83157,49070,TRUE
/content/kplib/00Uncorrelated/n00200/R01000/s001.kp,78918,48841,TRUE
/content/kplib/00Uncorrelated/n00500/R10000/s093.kp,2053851,1260030,TRUE
/content/kplib/00Uncorrelated/n00500/R10000/s001.kp,2027173,1308912,TRUE
/content/kplib/00Uncorrelated/n00500/R01000/s093.kp,205491,126111,TRUE
/content/kplib/00Uncorrelated/n00500/R01000/s001.kp,202841,131008,TRUE
/content/kplib/00Uncorrelated/n01000/R10000/s093.kp,4098821,2510651,TRUE
/content/kplib/00Uncorrelated/n01000/R10000/s001.kp,4182517,2428329,TRUE
/content/kplib/00Uncorrelated/n01000/R01000/s093.kp,410115,251288,TRUE
/content/kplib/00Uncorrelated/n01000/R01000/s001.kp,418472,243069,TRUE
/content/kplib/00Uncorrelated/n02000/R10000/s093.kp,8272898,4852303,TRUE
/content/kplib/00Uncorrelated/n02000/R10000/s001.kp,8095793,4927182,TRUE
/content/kplib/00Uncorrelated/n02000/R01000/s093.kp,827768,485687,TRUE
/content/kplib/00Uncorrelated/n02000/R01000/s001.kp,810065,493164,TRUE
/content/kplib/09SpannerStronglyCorrelated/n00050/R10000/s093.kp,260319,89319,TRUE
/content/kplib/09SpannerStronglyCorrelated/n00050/R10000/s001.kp,272904,64904,TRUE
/content/kplib/09SpannerStronglyCorrelated/n00050/R01000/s093.kp,26049,8949,TRUE
/content/kplib/09SpannerStronglyCorrelated/n00050/R01000/s001.kp,27261,6461,TRUE
/content/kplib/09SpannerStronglyCorrelated/n00100/R10000/s093.kp,518926,184926,FALSE
/content/kplib/09SpannerStronglyCorrelated/n00100/R10000/s001.kp,491904,119904,TRUE
/content/kplib/09SpannerStronglyCorrelated/n00100/R01000/s093.kp,51926,18526,FALSE
/content/kplib/09SpannerStronglyCorrelated/n00200/R10000/s093.kp,1026832,358832,TRUE
/content/kplib/09SpannerStronglyCorrelated/n00200/R01000/s093.kp,102750,35950,TRUE
/content/kplib/09SpannerStronglyCorrelated/n00200/R01000/s001.kp,104200,23700,FALSE
/content/kplib/09SpannerStronglyCorrelated/n00500/R01000/s093.kp,264174,90974,TRUE
/content/kplib/09SpannerStronglyCorrelated/n01000/R10000/s093.kp,5266432,1798432,FALSE
/content/kplib/09SpannerStronglyCorrelated/n01000/R10000/s001.kp,5048598,1257598,FALSE
/content/kplib/09SpannerStronglyCorrelated/n01000/R01000/s093.kp,526952,180152,FALSE
/content/kplib/09SpannerStronglyCorrelated/n01000/R01000/s001.kp,504878,125478,FALSE
/content/kplib/09SpannerStronglyCorrelated/n02000/R10000/s093.kp,10195802,3457802,FALSE
/content/kplib/09SpannerStronglyCorrelated/n02000/R10000/s001.kp,10303422,2424422,FALSE
/content/kplib/09SpannerStronglyCorrelated/n02000/R01000/s093.kp,1019888,346288,FALSE
/content/kplib/09SpannerStronglyCorrelated/n02000/R01000/s001.kp,1030634,241934,FALSE
/content/kplib/08SpannerWeaklyCorrelated/n00050/R10000/s093.kp,113850,91190,TRUE
/content/kplib/08SpannerWeaklyCorrelated/n00050/R10000/s001.kp,151837,64660,TRUE
/content/kplib/08SpannerWeaklyCorrelated/n00050/R01000/s093.kp,11440,9130,TRUE
/content/kplib/08SpannerWeaklyCorrelated/n00050/R01000/s001.kp,15276,6437,TRUE
/content/kplib/08SpannerWeaklyCorrelated/n00100/R10000/s093.kp,228735,183209,TRUE
/content/kplib/08SpannerWeaklyCorrelated/n00100/R10000/s001.kp,273086,120026,FALSE
/content/kplib/08SpannerWeaklyCorrelated/n00100/R01000/s093.kp,22984,18343,FALSE
/content/kplib/08SpannerWeaklyCorrelated/n00100/R01000/s001.kp,27478,11951,FALSE
/content/kplib/08SpannerWeaklyCorrelated/n00200/R10000/s093.kp,448155,358957,FALSE
/content/kplib/08SpannerWeaklyCorrelated/n00200/R10000/s001.kp,596858,238094,FALSE
/content/kplib/08SpannerWeaklyCorrelated/n00200/R01000/s093.kp,45032,35939,FALSE
/content/kplib/08SpannerWeaklyCorrelated/n00500/R10000/s093.kp,1132290,906926,FALSE
/content/kplib/08SpannerWeaklyCorrelated/n01000/R10000/s093.kp,2242845,1796443,FALSE
/content/kplib/08SpannerWeaklyCorrelated/n01000/R10000/s001.kp,2751952,1257598,FALSE
/content/kplib/08SpannerWeaklyCorrelated/n01000/R01000/s093.kp,225472,179944,FALSE
/content/kplib/08SpannerWeaklyCorrelated/n01000/R01000/s001.kp,277084,125478,FALSE
/content/kplib/08SpannerWeaklyCorrelated/n02000/R10000/s093.kp,4316985,3457759,FALSE
/content/kplib/08SpannerWeaklyCorrelated/n02000/R10000/s001.kp,5833980,2424582,FALSE
/content/kplib/08SpannerWeaklyCorrelated/n02000/R01000/s093.kp,433888,346276,FALSE
/content/kplib/08SpannerWeaklyCorrelated/n02000/R01000/s001.kp,587212,241874,FALSE
/content/kplib/11ProfitCeiling/n00050/R10000/s093.kp,124398,124405,TRUE
/content/kplib/11ProfitCeiling/n00050/R10000/s001.kp,117819,117819,TRUE
/content/kplib/11ProfitCeiling/n00050/R01000/s093.kp,12447,12451,TRUE
/content/kplib/11ProfitCeiling/n00050/R01000/s001.kp,11784,11792,TRUE
/content/kplib/11ProfitCeiling/n00100/R10000/s093.kp,243702,243713,TRUE
/content/kplib/11ProfitCeiling/n00100/R10000/s001.kp,253662,253671,TRUE
/content/kplib/11ProfitCeiling/n00100/R01000/s001.kp,25377,25390,TRUE
/content/kplib/11ProfitCeiling/n00200/R10000/s093.kp,495246,495266,TRUE
/content/kplib/11ProfitCeiling/n00200/R10000/s001.kp,480597,480612,FALSE
/content/kplib/11ProfitCeiling/n00200/R01000/s093.kp,49548,49567,FALSE
/content/kplib/11ProfitCeiling/n00200/R01000/s001.kp,48087,48105,FALSE
/content/kplib/11ProfitCeiling/n00500/R10000/s001.kp,1236435,1236477,TRUE
/content/kplib/11ProfitCeiling/n00500/R01000/s093.kp,125793,125844,FALSE
/content/kplib/11ProfitCeiling/n01000/R10000/s093.kp,2517309,2517407,FALSE
/content/kplib/11ProfitCeiling/n01000/R10000/s001.kp,2545401,2545476,FALSE
/content/kplib/11ProfitCeiling/n01000/R01000/s093.kp,251853,251958,FALSE
/content/kplib/11ProfitCeiling/n01000/R01000/s001.kp,254682,254777,TRUE
/content/kplib/11ProfitCeiling/n02000/R10000/s093.kp,5027868,5028068,FALSE
/content/kplib/11ProfitCeiling/n02000/R10000/s001.kp,4973715,4973900,FALSE
/content/kplib/11ProfitCeiling/n02000/R01000/s093.kp,503058,503252,FALSE
/content/kplib/11ProfitCeiling/n02000/R01000/s001.kp,497640,497847,FALSE
/content/kplib/02StronglyCorrelated/n00050/R10000/s093.kp,159406,124406,TRUE
/content/kplib/02StronglyCorrelated/n00050/R10000/s001.kp,152821,117821,TRUE
/content/kplib/02StronglyCorrelated/n00050/R01000/s093.kp,15951,12451,TRUE
/content/kplib/02StronglyCorrelated/n00050/R01000/s001.kp,15293,11793,TRUE
/content/kplib/02StronglyCorrelated/n00100/R10000/s093.kp,315713,243713,TRUE
/content/kplib/02StronglyCorrelated/n00100/R10000/s001.kp,322672,253672,TRUE
/content/kplib/02StronglyCorrelated/n00100/R01000/s093.kp,31594,24394,TRUE
/content/kplib/02StronglyCorrelated/n00100/R01000/s001.kp,32291,25391,TRUE
/content/kplib/02StronglyCorrelated/n00200/R10000/s093.kp,637267,495267,FALSE
/content/kplib/02StronglyCorrelated/n00200/R10000/s001.kp,621612,480612,TRUE
/content/kplib/02StronglyCorrelated/n00200/R01000/s093.kp,63769,49569,FALSE
/content/kplib/02StronglyCorrelated/n00200/R01000/s001.kp,62206,48106,TRUE
/content/kplib/02StronglyCorrelated/n00500/R10000/s093.kp,1611367,1257367,FALSE
/content/kplib/02StronglyCorrelated/n00500/R10000/s001.kp,1587235,1234235,FALSE
/content/kplib/02StronglyCorrelated/n00500/R01000/s093.kp,161246,125846,FALSE
/content/kplib/02StronglyCorrelated/n00500/R01000/s001.kp,158923,123623,FALSE
/content/kplib/02StronglyCorrelated/n01000/R10000/s093.kp,3221407,2517407,FALSE
/content/kplib/02StronglyCorrelated/n01000/R10000/s001.kp,3242043,2544043,FALSE
/content/kplib/02StronglyCorrelated/n01000/R01000/s093.kp,322358,251958,TRUE
/content/kplib/02StronglyCorrelated/n01000/R01000/s001.kp,324577,254777,FALSE
/content/kplib/02StronglyCorrelated/n02000/R10000/s093.kp,6434069,5028069,FALSE
/content/kplib/02StronglyCorrelated/n02000/R10000/s001.kp,6379901,4973901,FALSE
/content/kplib/02StronglyCorrelated/n02000/R01000/s093.kp,643290,502790,FALSE
/content/kplib/02StronglyCorrelated/n02000/R01000/s001.kp,637898,497398,FALSE
/content/kplib/07SpannerUncorrelated/n00050/R10000/s093.kp,95784,59431,TRUE
/content/kplib/07SpannerUncorrelated/n00050/R10000/s001.kp,119572,66112,TRUE
/content/kplib/07SpannerUncorrelated/n00050/R01000/s093.kp,9597,5910,TRUE
/content/kplib/07SpannerUncorrelated/n00050/R01000/s001.kp,11948,6578,TRUE
/content/kplib/07SpannerUncorrelated/n00100/R10000/s093.kp,191499,118734,TRUE
/content/kplib/07SpannerUncorrelated/n00100/R01000/s093.kp,19173,11781,FALSE
/content/kplib/07SpannerUncorrelated/n00200/R10000/s093.kp,376366,233356,FALSE
/content/kplib/07SpannerUncorrelated/n00200/R01000/s093.kp,37682,23154,FALSE
/content/kplib/07SpannerUncorrelated/n00500/R10000/s093.kp,954179,591614,TRUE
/content/kplib/07SpannerUncorrelated/n00500/R01000/s093.kp,95699,58803,FALSE
/content/kplib/07SpannerUncorrelated/n01000/R10000/s093.kp,1893436,1173976,FALSE
/content/kplib/07SpannerUncorrelated/n01000/R10000/s001.kp,2323136,1211685,FALSE
/content/kplib/07SpannerUncorrelated/n01000/R01000/s093.kp,189904,116688,FALSE
/content/kplib/07SpannerUncorrelated/n01000/R01000/s001.kp,232145,120497,FALSE
/content/kplib/07SpannerUncorrelated/n02000/R10000/s093.kp,3648429,2262114,FALSE
/content/kplib/07SpannerUncorrelated/n02000/R10000/s001.kp,4439590,2554641,FALSE
/content/kplib/07SpannerUncorrelated/n02000/R01000/s093.kp,365947,224859,FALSE
/content/kplib/07SpannerUncorrelated/n02000/R01000/s001.kp,443575,254104,FALSE
/content/kplib/10MultipleStronglyCorrelated/n00050/R10000/s093.kp,201390,124390,TRUE
/content/kplib/10MultipleStronglyCorrelated/n00050/R10000/s001.kp,196807,117807,TRUE
/content/kplib/10MultipleStronglyCorrelated/n00050/R01000/s093.kp,20350,12450,TRUE
/content/kplib/10MultipleStronglyCorrelated/n00050/R01000/s001.kp,19390,11790,TRUE
/content/kplib/10MultipleStronglyCorrelated/n00100/R10000/s093.kp,402616,243616,TRUE
/content/kplib/10MultipleStronglyCorrelated/n00100/R10000/s001.kp,404560,253560,TRUE
/content/kplib/10MultipleStronglyCorrelated/n00100/R01000/s093.kp,40690,24390,TRUE
/content/kplib/10MultipleStronglyCorrelated/n00100/R01000/s001.kp,40686,25386,TRUE
/content/kplib/10MultipleStronglyCorrelated/n00200/R10000/s093.kp,812264,495264,TRUE
/content/kplib/10MultipleStronglyCorrelated/n00200/R10000/s001.kp,792612,480612,TRUE
/content/kplib/10MultipleStronglyCorrelated/n00200/R01000/s093.kp,81866,49566,TRUE
/content/kplib/10MultipleStronglyCorrelated/n00200/R01000/s001.kp,79202,48102,TRUE
/content/kplib/10MultipleStronglyCorrelated/n00500/R10000/s093.kp,2039366,1257366,TRUE
/content/kplib/10MultipleStronglyCorrelated/n00500/R10000/s001.kp,2018474,1236474,FALSE
/content/kplib/10MultipleStronglyCorrelated/n00500/R01000/s093.kp,204744,125844,FALSE
/content/kplib/10MultipleStronglyCorrelated/n00500/R01000/s001.kp,201662,123762,TRUE
/content/kplib/10MultipleStronglyCorrelated/n01000/R10000/s093.kp,4069402,2517402,FALSE
/content/kplib/10MultipleStronglyCorrelated/n01000/R10000/s001.kp,4101476,2545476,FALSE
/content/kplib/10MultipleStronglyCorrelated/n01000/R01000/s093.kp,408058,251958,TRUE
/content/kplib/10MultipleStronglyCorrelated/n01000/R01000/s001.kp,409472,254772,FALSE
/content/kplib/10MultipleStronglyCorrelated/n02000/R10000/s093.kp,8103066,5028066,FALSE
/content/kplib/10MultipleStronglyCorrelated/n02000/R10000/s001.kp,8077451,4973451,FALSE
/content/kplib/10MultipleStronglyCorrelated/n02000/R01000/s093.kp,812929,503229,FALSE
/content/kplib/10MultipleStronglyCorrelated/n02000/R01000/s001.kp,807944,497844,FALSE
/content/kplib/12Circle/n00050/R10000/s093.kp,8293315,124406,TRUE
/content/kplib/12Circle/n00050/R10000/s001.kp,7854335,117821,TRUE
/content/kplib/12Circle/n00050/R01000/s093.kp,262354,12451,TRUE
/content/kplib/12Circle/n00050/R01000/s001.kp,248488,11793,TRUE
/content/kplib/12Circle/n00100/R10000/s093.kp,16246713,243713,FALSE
/content/kplib/12Circle/n00100/R10000/s001.kp,16910610,253672,TRUE
/content/kplib/12Circle/n00100/R01000/s093.kp,514006,24394,TRUE
/content/kplib/12Circle/n00100/R01000/s001.kp,535012,25391,TRUE
/content/kplib/12Circle/n00200/R10000/s001.kp,32039178,480612,TRUE
/content/kplib/12Circle/n00500/R10000/s093.kp,83820236,1257367,FALSE
/content/kplib/12Circle/n00500/R01000/s093.kp,2651696,125846,TRUE
/content/kplib/12Circle/n00500/R01000/s001.kp,2607828,123764,FALSE
/content/kplib/12Circle/n01000/R10000/s093.kp,167818653,2517407,FALSE
/content/kplib/12Circle/n01000/R10000/s001.kp,169689825,2545476,FALSE
/content/kplib/12Circle/n01000/R01000/s093.kp,5308996,251958,FALSE
/content/kplib/12Circle/n01000/R01000/s001.kp,5368399,254777,FALSE
/content/kplib/12Circle/n02000/R10000/s093.kp,335187660,5028069,FALSE
/content/kplib/12Circle/n02000/R10000/s001.kp,331576632,4973901,FALSE
/content/kplib/12Circle/n02000/R01000/s093.kp,10604000,503252,FALSE
/content/kplib/12Circle/n02000/R01000/s001.kp,10490114,497847,FALSE
